{
  "project_info": {
    "project_number": "999488086259",
    "project_id": "atharv-e-commerce",
    "storage_bucket": "atharv-e-commerce.appspot.com"
  },
  "client": [
    {
      "client_info": {
        "mobilesdk_app_id": "1:999488086259:android:4ddc7d1fec6a3a5c489786",
        "android_client_info": {
          "package_name": "com.atharv.admin"
        }
      },
      "oauth_client": [],
      "api_key": [
        {
          "current_key": "AIzaSyB7YJIRld2QqrPTOuEED0qfqydIMR5ThS4"
        }
      ],
      "services": {
        "appinvite_service": {
          "other_platform_oauth_client": []
        }
      }
    }
  ],
  "configuration_version": "1"
}