{"v":"5.4.3","fr":29.9700012207031,"ip":0,"op":105.000004276738,"w":200,"h":200,"nm":"Loader dark","ddd":0,"assets":[],"layers":[{"ddd":0,"ind":1,"ty":4,"nm":"Shape Layer 6","parent":4,"sr":1,"ks":{"o":{"a":0,"k":100,"ix":11},"r":{"a":0,"k":360,"ix":10},"p":{"a":0,"k":[-1.434,-17.936,0],"ix":2},"a":{"a":0,"k":[0,0,0],"ix":1},"s":{"a":0,"k":[69.527,75.868,100],"ix":6}},"ao":0,"hasMask":true,"masksProperties":[{"inv":false,"mode":"s","pt":{"a":1,"k":[{"i":{"x":0.25,"y":1},"o":{"x":0.75,"y":0},"n":"0p25_1_0p75_0","t":34,"s":[{"i":[[0,0],[0,0],[0,0],[0,0]],"o":[[0,0],[0,0],[0,0],[0,0]],"v":[[-17.732,-6.75],[-33.1,-6.75],[-33.1,7.75],[-17.732,7.75]],"c":true}],"e":[{"i":[[0,0],[0,0],[0,0],[0,0]],"o":[[0,0],[0,0],[0,0],[0,0]],"v":[[34.1,-7],[-33.1,-7],[-33.1,8],[34.1,8]],"c":true}]},{"i":{"x":0.25,"y":1},"o":{"x":0.75,"y":0},"n":"0p25_1_0p75_0","t":50.453,"s":[{"i":[[0,0],[0,0],[0,0],[0,0]],"o":[[0,0],[0,0],[0,0],[0,0]],"v":[[34.1,-7],[-33.1,-7],[-33.1,8],[34.1,8]],"c":true}],"e":[{"i":[[0,0],[0,0],[0,0],[0,0]],"o":[[0,0],[0,0],[0,0],[0,0]],"v":[[33.281,-6.5],[17.186,-6.5],[17.186,7.75],[33.281,7.75]],"c":true}]},{"t":64.4525026252041}],"ix":1},"o":{"a":0,"k":100,"ix":3},"x":{"a":0,"k":0,"ix":4},"nm":"Mask 1"}],"shapes":[{"ty":"gr","it":[{"ind":0,"ty":"sh","ix":1,"ks":{"a":1,"k":[{"i":{"x":0.25,"y":1},"o":{"x":0.75,"y":0},"n":"0p25_1_0p75_0","t":34,"s":[{"i":[[0,0],[0,0],[0,0],[0,0]],"o":[[0,0],[0,0],[0,0],[0,0]],"v":[[-1.534,10.515],[-10.515,10.515],[-10.515,-10.515],[-1.534,-10.515]],"c":true}],"e":[{"i":[[0,0],[0,0],[0,0],[0,0]],"o":[[0,0],[0,0],[0,0],[0,0]],"v":[[10.515,10.515],[-10.515,10.515],[-10.515,-10.515],[10.515,-10.515]],"c":true}]},{"i":{"x":0.25,"y":1},"o":{"x":0.75,"y":0},"n":"0p25_1_0p75_0","t":50.453,"s":[{"i":[[0,0],[0,0],[0,0],[0,0]],"o":[[0,0],[0,0],[0,0],[0,0]],"v":[[10.515,10.515],[-10.515,10.515],[-10.515,-10.515],[10.515,-10.515]],"c":true}],"e":[{"i":[[0,0],[0,0],[0,0],[0,0]],"o":[[0,0],[0,0],[0,0],[0,0]],"v":[[10.58,10.831],[1.567,10.84],[1.567,-10.198],[10.58,-10.206]],"c":true}]},{"t":76.0000030955435}],"ix":2},"nm":"Path 1","mn":"ADBE Vector Shape - Group","hd":false},{"ty":"fl","c":{"a":0,"k":[0.1234375,0.1234375,0.1234375,1],"ix":4},"o":{"a":0,"k":100,"ix":5},"r":1,"bm":0,"nm":"Fill 1","mn":"ADBE Vector Graphic - Fill","hd":false},{"ty":"tr","p":{"a":0,"k":[0,0],"ix":2},"a":{"a":0,"k":[0,0],"ix":1},"s":{"a":0,"k":[426.742,167.787],"ix":3},"r":{"a":0,"k":0,"ix":6},"o":{"a":0,"k":100,"ix":7},"sk":{"a":0,"k":0,"ix":4},"sa":{"a":0,"k":0,"ix":5},"nm":"Transform"}],"nm":"Shape 1","np":3,"cix":2,"bm":0,"ix":1,"mn":"ADBE Vector Group","hd":false}],"ip":0,"op":105.000004276738,"st":66.0000026882351,"bm":0},{"ddd":0,"ind":2,"ty":4,"nm":"Shape Layer 5","parent":4,"sr":1,"ks":{"o":{"a":0,"k":100,"ix":11},"r":{"a":0,"k":90,"ix":10},"p":{"a":0,"k":[16.584,0.273,0],"ix":2},"a":{"a":0,"k":[0,0,0],"ix":1},"s":{"a":0,"k":[69.527,75.868,100],"ix":6}},"ao":0,"hasMask":true,"masksProperties":[{"inv":false,"mode":"s","pt":{"a":1,"k":[{"i":{"x":0.25,"y":1},"o":{"x":0.75,"y":0},"n":"0p25_1_0p75_0","t":10.418,"s":[{"i":[[0,0],[0,0],[0,0],[0,0]],"o":[[0,0],[0,0],[0,0],[0,0]],"v":[[-17.732,-6.75],[-33.1,-6.75],[-33.1,7.75],[-17.732,7.75]],"c":true}],"e":[{"i":[[0,0],[0,0],[0,0],[0,0]],"o":[[0,0],[0,0],[0,0],[0,0]],"v":[[34.1,-7],[-33.1,-7],[-33.1,8],[34.1,8]],"c":true}]},{"i":{"x":0.25,"y":1},"o":{"x":0.75,"y":0},"n":"0p25_1_0p75_0","t":25,"s":[{"i":[[0,0],[0,0],[0,0],[0,0]],"o":[[0,0],[0,0],[0,0],[0,0]],"v":[[34.1,-7],[-33.1,-7],[-33.1,8],[34.1,8]],"c":true}],"e":[{"i":[[0,0],[0,0],[0,0],[0,0]],"o":[[0,0],[0,0],[0,0],[0,0]],"v":[[34.1,-7],[17.732,-7],[17.732,8],[34.1,8]],"c":true}]},{"i":{"x":0.25,"y":1},"o":{"x":0.75,"y":0},"n":"0p25_1_0p75_0","t":40,"s":[{"i":[[0,0],[0,0],[0,0],[0,0]],"o":[[0,0],[0,0],[0,0],[0,0]],"v":[[34.1,-7],[17.732,-7],[17.732,8],[34.1,8]],"c":true}],"e":[{"i":[[0,0],[0,0],[0,0],[0,0]],"o":[[0,0],[0,0],[0,0],[0,0]],"v":[[34.1,-7],[17.732,-7],[17.732,8],[34.1,8]],"c":true}]},{"i":{"x":0.25,"y":1},"o":{"x":0.75,"y":0},"n":"0p25_1_0p75_0","t":87.78,"s":[{"i":[[0,0],[0,0],[0,0],[0,0]],"o":[[0,0],[0,0],[0,0],[0,0]],"v":[[34.1,-7],[17.732,-7],[17.732,8],[34.1,8]],"c":true}],"e":[{"i":[[0,0],[0,0],[0,0],[0,0]],"o":[[0,0],[0,0],[0,0],[0,0]],"v":[[34.1,-7],[17.732,-7],[17.732,54.5],[34.1,54.5]],"c":true}]},{"t":103.672504222667}],"ix":1},"o":{"a":0,"k":100,"ix":3},"x":{"a":0,"k":0,"ix":4},"nm":"Mask 1"}],"shapes":[{"ty":"gr","it":[{"ind":0,"ty":"sh","ix":1,"ks":{"a":1,"k":[{"i":{"x":0.25,"y":1},"o":{"x":0.75,"y":0},"n":"0p25_1_0p75_0","t":10.418,"s":[{"i":[[0,0],[0,0],[0,0],[0,0]],"o":[[0,0],[0,0],[0,0],[0,0]],"v":[[-1.534,10.515],[-10.515,10.515],[-10.515,-10.515],[-1.534,-10.515]],"c":true}],"e":[{"i":[[0,0],[0,0],[0,0],[0,0]],"o":[[0,0],[0,0],[0,0],[0,0]],"v":[[10.515,10.515],[-10.515,10.515],[-10.515,-10.515],[10.515,-10.515]],"c":true}]},{"i":{"x":0.25,"y":1},"o":{"x":0.75,"y":0},"n":"0p25_1_0p75_0","t":25,"s":[{"i":[[0,0],[0,0],[0,0],[0,0]],"o":[[0,0],[0,0],[0,0],[0,0]],"v":[[10.515,10.515],[-10.515,10.515],[-10.515,-10.515],[10.515,-10.515]],"c":true}],"e":[{"i":[[0,0],[0,0],[0,0],[0,0]],"o":[[0,0],[0,0],[0,0],[0,0]],"v":[[10.515,10.515],[1.328,10.523],[1.328,-10.506],[10.515,-10.515]],"c":true}]},{"i":{"x":0.25,"y":1},"o":{"x":0.75,"y":0},"n":"0p25_1_0p75_0","t":50,"s":[{"i":[[0,0],[0,0],[0,0],[0,0]],"o":[[0,0],[0,0],[0,0],[0,0]],"v":[[10.515,10.515],[1.328,10.523],[1.328,-10.506],[10.515,-10.515]],"c":true}],"e":[{"i":[[0,0],[0,0],[0,0],[0,0]],"o":[[0,0],[0,0],[0,0],[0,0]],"v":[[10.515,10.515],[1.328,10.523],[1.328,-10.506],[10.515,-10.515]],"c":true}]},{"i":{"x":0.25,"y":1},"o":{"x":0.75,"y":0},"n":"0p25_1_0p75_0","t":87.78,"s":[{"i":[[0,0],[0,0],[0,0],[0,0]],"o":[[0,0],[0,0],[0,0],[0,0]],"v":[[10.515,10.515],[1.328,10.523],[1.328,-10.506],[10.515,-10.515]],"c":true}],"e":[{"i":[[0,0],[0,0],[0,0],[0,0]],"o":[[0,0],[0,0],[0,0],[0,0]],"v":[[10.455,38.88],[1.406,38.889],[1.435,-10.123],[10.484,-10.132]],"c":true}]},{"t":103.672504222667}],"ix":2},"nm":"Path 1","mn":"ADBE Vector Shape - Group","hd":false},{"ty":"fl","c":{"a":0,"k":[0.1234375,0.1234375,0.1234375,1],"ix":4},"o":{"a":0,"k":100,"ix":5},"r":1,"bm":0,"nm":"Fill 1","mn":"ADBE Vector Graphic - Fill","hd":false},{"ty":"tr","p":{"a":0,"k":[0,0],"ix":2},"a":{"a":0,"k":[0,0],"ix":1},"s":{"a":0,"k":[426.742,167.787],"ix":3},"r":{"a":0,"k":0,"ix":6},"o":{"a":0,"k":100,"ix":7},"sk":{"a":0,"k":0,"ix":4},"sa":{"a":0,"k":0,"ix":5},"nm":"Transform"}],"nm":"Shape 1","np":3,"cix":2,"bm":0,"ix":1,"mn":"ADBE Vector Group","hd":false}],"ip":0,"op":105.000004276738,"st":23.0000009368092,"bm":0},{"ddd":0,"ind":3,"ty":4,"nm":"Shape Layer 4","parent":4,"sr":1,"ks":{"o":{"a":0,"k":100,"ix":11},"r":{"a":0,"k":0,"ix":10},"p":{"a":0,"k":[-1.624,17.912,0],"ix":2},"a":{"a":0,"k":[0,0,0],"ix":1},"s":{"a":0,"k":[69.527,75.868,100],"ix":6}},"ao":0,"hasMask":true,"masksProperties":[{"inv":false,"mode":"s","pt":{"a":1,"k":[{"i":{"x":0.25,"y":1},"o":{"x":0.49,"y":0},"n":"0p25_1_0p49_0","t":0,"s":[{"i":[[0,0],[0,0],[0,0],[0,0]],"o":[[0,0],[0,0],[0,0],[0,0]],"v":[[34.1,-7],[-33.1,-7],[-33.1,8],[34.1,8]],"c":true}],"e":[{"i":[[0,0],[0,0],[0,0],[0,0]],"o":[[0,0],[0,0],[0,0],[0,0]],"v":[[-17.732,-6.75],[-33.1,-6.75],[-33.1,7.75],[-17.732,7.75]],"c":true}]},{"i":{"x":0.25,"y":1},"o":{"x":0.75,"y":0},"n":"0p25_1_0p75_0","t":15,"s":[{"i":[[0,0],[0,0],[0,0],[0,0]],"o":[[0,0],[0,0],[0,0],[0,0]],"v":[[-17.732,-6.75],[-33.1,-6.75],[-33.1,7.75],[-17.732,7.75]],"c":true}],"e":[{"i":[[0,0],[0,0],[0,0],[0,0]],"o":[[0,0],[0,0],[0,0],[0,0]],"v":[[-17.732,-6.75],[-33.1,-6.75],[-33.1,7.75],[-17.732,7.75]],"c":true}]},{"i":{"x":0.25,"y":1},"o":{"x":0.75,"y":0},"n":"0p25_1_0p75_0","t":62,"s":[{"i":[[0,0],[0,0],[0,0],[0,0]],"o":[[0,0],[0,0],[0,0],[0,0]],"v":[[-17.732,-6.75],[-33.1,-6.75],[-33.1,7.75],[-17.732,7.75]],"c":true}],"e":[{"i":[[0,0],[0,0],[0,0],[0,0]],"o":[[0,0],[0,0],[0,0],[0,0]],"v":[[-17.732,-55],[-33.1,-55],[-33.1,7.75],[-17.732,7.75]],"c":true}]},{"i":{"x":0.25,"y":1},"o":{"x":0.75,"y":0},"n":"0p25_1_0p75_0","t":77.673,"s":[{"i":[[0,0],[0,0],[0,0],[0,0]],"o":[[0,0],[0,0],[0,0],[0,0]],"v":[[-17.732,-55],[-33.1,-55],[-33.1,7.75],[-17.732,7.75]],"c":true}],"e":[{"i":[[0,0],[0,0],[0,0],[0,0]],"o":[[0,0],[0,0],[0,0],[0,0]],"v":[[-17.391,-54.125],[-32.849,-54.125],[-32.941,-39.438],[-17.483,-39.438]],"c":true}]},{"t":91.6725037338975}],"ix":1},"o":{"a":0,"k":100,"ix":3},"x":{"a":0,"k":0,"ix":4},"nm":"Mask 1"}],"shapes":[{"ty":"gr","it":[{"ind":0,"ty":"sh","ix":1,"ks":{"a":1,"k":[{"i":{"x":0.25,"y":1},"o":{"x":0.49,"y":0},"n":"0p25_1_0p49_0","t":0,"s":[{"i":[[0,0],[0,0],[0,0],[0,0]],"o":[[0,0],[0,0],[0,0],[0,0]],"v":[[10.515,10.515],[-10.515,10.515],[-10.515,-10.515],[10.515,-10.515]],"c":true}],"e":[{"i":[[0,0],[0,0],[0,0],[0,0]],"o":[[0,0],[0,0],[0,0],[0,0]],"v":[[-1.534,10.515],[-10.515,10.515],[-10.515,-10.515],[-1.534,-10.515]],"c":true}]},{"i":{"x":0.25,"y":1},"o":{"x":0.75,"y":0},"n":"0p25_1_0p75_0","t":29,"s":[{"i":[[0,0],[0,0],[0,0],[0,0]],"o":[[0,0],[0,0],[0,0],[0,0]],"v":[[-1.534,10.515],[-10.515,10.515],[-10.515,-10.515],[-1.534,-10.515]],"c":true}],"e":[{"i":[[0,0],[0,0],[0,0],[0,0]],"o":[[0,0],[0,0],[0,0],[0,0]],"v":[[-1.534,10.515],[-10.515,10.515],[-10.515,-10.515],[-1.534,-10.515]],"c":true}]},{"i":{"x":0.25,"y":1},"o":{"x":0.75,"y":0},"n":"0p25_1_0p75_0","t":62,"s":[{"i":[[0,0],[0,0],[0,0],[0,0]],"o":[[0,0],[0,0],[0,0],[0,0]],"v":[[-1.534,10.515],[-10.515,10.515],[-10.515,-10.515],[-1.534,-10.515]],"c":true}],"e":[{"i":[[0,0],[0,0],[0,0],[0,0]],"o":[[0,0],[0,0],[0,0],[0,0]],"v":[[-1.534,10.515],[-10.515,10.515],[-10.491,-38.675],[-1.51,-38.675]],"c":true}]},{"i":{"x":0.25,"y":1},"o":{"x":0.75,"y":0},"n":"0p25_1_0p75_0","t":77.673,"s":[{"i":[[0,0],[0,0],[0,0],[0,0]],"o":[[0,0],[0,0],[0,0],[0,0]],"v":[[-1.534,10.515],[-10.515,10.515],[-10.491,-38.675],[-1.51,-38.675]],"c":true}],"e":[{"i":[[0,0],[0,0],[0,0],[0,0]],"o":[[0,0],[0,0],[0,0],[0,0]],"v":[[-1.505,-17.793],[-10.415,-17.793],[-10.42,-38.675],[-1.51,-38.675]],"c":true}]},{"t":102.000004154545}],"ix":2},"nm":"Path 1","mn":"ADBE Vector Shape - Group","hd":false},{"ty":"fl","c":{"a":0,"k":[0.1234375,0.1234375,0.1234375,1],"ix":4},"o":{"a":0,"k":100,"ix":5},"r":1,"bm":0,"nm":"Fill 1","mn":"ADBE Vector Graphic - Fill","hd":false},{"ty":"tr","p":{"a":0,"k":[0,0],"ix":2},"a":{"a":0,"k":[0,0],"ix":1},"s":{"a":0,"k":[426.742,167.787],"ix":3},"r":{"a":0,"k":0,"ix":6},"o":{"a":0,"k":100,"ix":7},"sk":{"a":0,"k":0,"ix":4},"sa":{"a":0,"k":0,"ix":5},"nm":"Transform"}],"nm":"Shape 1","np":3,"cix":2,"bm":0,"ix":1,"mn":"ADBE Vector Group","hd":false}],"ip":0,"op":105.000004276738,"st":0,"bm":0},{"ddd":0,"ind":4,"ty":4,"nm":"Shape Layer 8","sr":1,"ks":{"o":{"a":0,"k":100,"ix":11},"r":{"a":1,"k":[{"i":{"x":[0.48],"y":[1]},"o":{"x":[0.167],"y":[0]},"n":["0p48_1_0p167_0"],"t":0,"s":[-90],"e":[-90]},{"i":{"x":[0.197],"y":[1]},"o":{"x":[0.233],"y":[0]},"n":["0p197_1_0p233_0"],"t":7,"s":[-90],"e":[270]},{"t":81.0000032991976}],"ix":10},"p":{"a":0,"k":[101.391,100.391,0],"ix":2},"a":{"a":0,"k":[0,0,0],"ix":1},"s":{"a":0,"k":[131.809,131.809,100],"ix":6}},"ao":0,"shapes":[{"ty":"gr","it":[{"ty":"rc","d":1,"s":{"a":0,"k":[69.219,69.219],"ix":2},"p":{"a":0,"k":[0,0],"ix":3},"r":{"a":0,"k":0,"ix":4},"nm":"Rectangle Path 1","mn":"ADBE Vector Shape - Rect","hd":false},{"ty":"fl","c":{"a":0,"k":[1,1,1,1],"ix":4},"o":{"a":0,"k":100,"ix":5},"r":1,"bm":0,"nm":"Fill 1","mn":"ADBE Vector Graphic - Fill","hd":false},{"ty":"tr","p":{"a":0,"k":[-1.391,0.109],"ix":2},"a":{"a":0,"k":[0,0],"ix":1},"s":{"a":0,"k":[122.946,122.946],"ix":3},"r":{"a":0,"k":0,"ix":6},"o":{"a":0,"k":100,"ix":7},"sk":{"a":0,"k":0,"ix":4},"sa":{"a":0,"k":0,"ix":5},"nm":"Transform"}],"nm":"Rectangle 1","np":3,"cix":2,"bm":0,"ix":1,"mn":"ADBE Vector Group","hd":false},{"ty":"rd","nm":"Round Corners 1","r":{"a":0,"k":6,"ix":1},"ix":2,"mn":"ADBE Vector Filter - RC","hd":false}],"ip":0,"op":105.000004276738,"st":0,"bm":0}],"markers":[{"tm":16.0000006516934,"cm":"1","dr":0},{"tm":23.0000009368092,"cm":"2","dr":0},{"tm":38.0000015477717,"cm":"5","dr":0},{"tm":44.0000017921567,"cm":"3","dr":0},{"tm":59.0000024031193,"cm":"6","dr":0},{"tm":66.0000026882351,"cm":"4","dr":0},{"tm":81.0000032991976,"cm":"7","dr":0}]}